id,stage,band,date,time,duration,samlpe set URL,tags
1,Daad Stage,Opening Ceremony,2026.06.18.,7:30:00 PM,0:30:00,https://www.youtube.com/watch?v=GqkkEsMwq-c,"community, walking, atmosphere "
2,Daad Stage,Charlotte de Witte,2026.06.18.,8:00:00 PM,1:30:00,https://music.youtube.com/channel/UC-yOW3e6zBSo1JwLXq46Suw,"techno, acid techno"
3,Daad Stage,Mode & Valens,2026.06.18.,9:30:00 PM,1:30:00,https://soundcloud.com/technokunst/mode-valens-technokunst-supper-club-larm-20201010,techno
4,Daad Stage,Dj Nobu & Dasha Rush,2026.06.18.,11:00:00 PM,2:00:00,https://soundcloud.com/sounditbcn/soundit-sessions-05-dasha-rush-b2b-dj-nobu-soundit-festival-170725-parc-nou,"techno, experimental"
5,Daad Stage,Oscar Mulero,2026.06.19.,1:00:00 AM,2:00:00,https://music.youtube.com/channel/UCkYZXfq4GYGHS6iS3xQJVRg,"techno, dark techno"
6,Daad Stage,Setaoc Mass,2026.06.19.,3:00:00 AM,2:00:00,https://music.youtube.com/browse/MPREb_suFSRHbmjqv,techno
7,Daad Stage,Nastia,2026.06.19.,5:00:00 AM,2:00:00,https://soundcloud.com/nastia_ua/dj-nastia-techno-dj-set-in-the-october-palace,"techno, minimal"
8,The Dome,Li & Baco,2026.06.18.,9:00:00 PM,2:00:00,https://on.soundcloud.com/y1BvKpcMnxSn8z2vF4,microhouse
9,The Dome,Satoshi Tomiee (live),2026.06.18.,11:00:00 PM,1:30:00,https://on.soundcloud.com/w75fL3ngtc2r4XDbKM,"acid, dub, house, progressive"
10,The Dome,Dj Hell,2026.06.19.,12:30:00 AM,2:00:00,https://on.soundcloud.com/0dC1lgxFiuxfpgnxQr,"techno, progressive, dark disco"
11,The Dome,Dresden,2026.06.19.,2:30:00 AM,2:00:00,https://on.soundcloud.com/5BijiJi7RDskk6Byf0,"techno, house"
12,The Dome,Manek & Tom Select,2026.06.19.,4:30:00 AM,2:00:00,https://www.youtube.com/watch?v=KGdmdCokO0Q,"house, minimal"
13,The Dome,Kirill & Kernel,2026.06.19.,6:30:00 AM,1:30:00,https://soundcloud.com/daadgathering/kirill-kernel-daad-gathering-2025-ambeach,"minimal, techno"
14,Dragon Nest,Max Cooper (live av),2026.06.18.,9:30:00 PM,2:00:00,https://soundcloud.com/max-cooper/maxcooperdjset-darkmatterberlin2024,"ambient, electronica"
15,Dragon Nest,Calibre,2026.06.18.,11:30:00 PM,2:00:00,https://www.youtube.com/watch?v=mqxTO9UAkrY,"drum and bass, liquid dnb"
16,Dragon Nest,Cadik,2026.06.19.,1:30:00 AM,2:00:00,https://soundcloud.com/cadik,"dubstep, bass"
17,AM/Beach,Lutum,2026.06.18.,9:00:00 AM,2:00:00,https://www.youtube.com/watch?v=rmZ_4Av2gCA,"house, electronic"
18,AM/Beach,Liro,2026.06.18.,11:00:00 AM,2:00:00,https://soundcloud.com/radiozora/liro-on-the-way-to-daad-2024?in=radiozora%2Fsets%2Fon-the-way-to-daad-gathering-2,"house, electronic"
19,AM/Beach,Krics & Parts Unknown,2026.06.18.,1:00:00 PM,2:00:00,https://www.youtube.com/watch?v=muLh-LLMphw,"house, minimal"
20,AM/Beach,Peter Bernath,2026.06.18.,3:00:00 PM,1:30:00,https://soundcloud.com/peterbernath,"minimal, house"
21,Cooking Groove,Vedat Akdag,2026.06.17.,9:00:00 PM,2:00:00,https://soundcloud.com/daadgathering/vedat-akdag-live-daad-gathering-2025-ambeach,"house, techno"
22,Cooking Groove,Pachanga Boys,2026.06.17.,11:00:00 PM,2:00:00,https://soundcloud.com/beyondafterlife/pachanga-boys-live-at-de,"techno, house, minimal"
23,Cooking Groove,Radio Slave,2026.06.18.,2:00:00 AM,2:00:00,https://www.youtube.com/@radioslaveofc,"house, techno"
24,Cooking Groove,Zvezda Beta,2026.06.18.,4:00:00 AM,2:00:00,https://soundcloud.com/zvezda/seed-feat-legal-pres-backstage,"techno, minimal, progressive, dark house"
25,AM/Beach,Moonbase Patel Disco,2026.06.19.,9:00:00 AM,3:00:00,https://soundcloud.com/moonbasepateldisco,"disco, house"
26,AM/Beach,Ruenge,2026.06.19.,12:00:00 PM,2:00:00,https://soundcloud.com/ruengeruenge,"minimal, house"
27,AM/Beach,Dj Syncbutton,2026.06.19.,2:00:00 PM,2:00:00,https://www.youtube.com/watch?v=Kc8oHawZp6Q,"house, minimal"
28,AM/Beach,Galactic Jackson,2026.06.19.,4:00:00 PM,2:00:00,https://soundcloud.com/galactic-jackson,"minimal, house, synthwave"
29,AM/Beach,Mind Enterprises,2026.06.19.,6:00:00 PM,2:00:00,https://soundcloud.com/mndntrprss,"italo disco, house, synthwave"
30,Cooking Groove,EFF:EK aka Zakharov x Fluidum,2026.06.19.,10:00:00 AM,2:00:00,https://soundcloud.com/zakhorov/sets/zakhorov-mixes,"techno, experimental"
31,Cooking Groove,Fury,2026.06.19.,12:00:00 PM,2:00:00,https://www.youtube.com/watch?v=vl1HHzU3H-I,"techno, house"
32,Cooking Groove,Fáni Bácsi,2026.06.19.,2:00:00 PM,2:00:00,https://soundcloud.com/daadgathering/fani-bacsi-daad-gathering-2024-cooking-groove,"psytech, techno, darkpsy"
33,Daad Stage,Cari Lekebusch,2026.06.19.,8:00:00 PM,2:00:00,https://www.youtube.com/watch?v=AR52XysMrus,techno
34,Daad Stage,Cvrdwell,2026.06.19.,10:00:00 PM,1:30:00,https://www.youtube.com/watch?v=zmLOLA7qoPw,techno
35,Daad Stage,Colin Benders (live),2026.06.19.,11:30:00 PM,1:30:00,https://www.youtube.com/watch?v=Jwz-xRu73bk,"modular techno, live electronic"
36,Daad Stage,Len Faki,2026.06.20.,1:00:00 AM,2:00:00,https://www.youtube.com/watch?v=w_5W9lazZi8,techno
37,Daad Stage,Blawan,2026.06.20.,3:00:00 AM,2:00:00,https://soundcloud.com/platform/blawan-dkmntl/sets,"techno, industrial"
38,Daad Stage,Hyperaktivist,2026.06.20.,5:00:00 AM,2:00:00,https://www.youtube.com/watch?v=hBxzvQPJadA,"techno, trance"
39,The Dome,Maron,2026.06.19.,9:00:00 PM,2:00:00,https://www.youtube.com/watch?v=HngeU4OUbmI,"house, minimal"
40,The Dome,Ben Ufo,2026.06.19.,11:00:00 PM,2:00:00,https://www.youtube.com/watch?v=FvtjyRHN-hk,"bass, techno, house"
41,The Dome,Sepher (live),2026.06.20.,1:00:00 AM,1:30:00,https://www.youtube.com/watch?v=I1-jdKq1OvA,"techno, acid, electro"
42,The Dome,Daniel Avery,2026.06.20.,2:30:00 AM,2:00:00,https://www.youtube.com/watch?v=Qn5kChQr-eQ,techno
43,The Dome,Vatsanah,2026.06.20.,4:30:00 AM,2:00:00,https://www.youtube.com/watch?v=Nb0Xbw3GFwk,"techno, house"
44,The Dome,Aurin,2026.06.20.,6:30:00 AM,1:30:00,https://www.youtube.com/watch?v=u4-P7NQl5Oo,"techno, ambient"
45,Dragon Nest,Palo Canto,2026.06.19.,6:00:00 PM,1:30:00,https://www.youtube.com/watch?v=4-8vA6Mi--E,"organic house, downtempo"
46,Dragon Nest,Parallelle,2026.06.19.,7:30:00 PM,2:00:00,https://www.youtube.com/watch?v=9Y1vQRbg8fU,"organic house, electronica"
47,Dragon Nest,Deer Jade,2026.06.19.,9:30:00 PM,2:00:00,https://www.youtube.com/watch?v=jxy-QTJYvU8,"melodic house, organic house"
48,Dragon Nest,Be Svendsen,2026.06.19.,11:30:00 PM,2:00:00,https://www.youtube.com/watch?v=5mpafLYHVd0,"organic house, downtempo"
49,Dragon Nest,Meo Culpa & Baladi,2026.06.20.,1:30:00 AM,2:00:00,https://soundcloud.com/ethnotech/meo-culpa-baladi-b2b-kassa,"downtempo, organic house"
50,AM/Beach,Kele,2026.06.20.,9:00:00 AM,2:30:00,https://www.youtube.com/watch?v=QTNS3uAscL8,"house, electronic"
51,AM/Beach,Knoll & Stark,2026.06.20.,11:30:00 AM,2:30:00,https://www.youtube.com/watch?v=9orBNKvHS30,"techno, house"
52,AM/Beach,Octile,2026.06.20.,2:00:00 PM,2:00:00,https://www.youtube.com/watch?v=5v_uaj6znlc,"house, minimal"
53,AM/Beach,Switch Nollie & TSU,2026.06.20.,4:00:00 PM,2:00:00,https://www.youtube.com/watch?v=wK47oRYZX7Y,"house, techno"
54,AM/Beach,Anunaku,2026.06.20.,6:00:00 PM,2:00:00,https://www.youtube.com/watch?v=RcJ7PPqXFVM,"bass, techno, club"
55,Cooking Groove,Yorgos,2026.06.20.,10:00:00 AM,2:00:00,https://www.youtube.com/watch?v=q2iTtyAiOYs,"house, minimal"
56,Cooking Groove,Daniel Santiago,2026.06.20.,12:00:00 PM,2:00:00,https://soundcloud.com/daadgathering/daniel-ban-daniel-santiago,"techno, house"
57,Cooking Groove,Daniel Ban,2026.06.20.,2:00:00 PM,2:00:00,https://soundcloud.com/daadgathering/daniel-ban-daniel-santiago,"house, minimal"
58,Dragon Nest,Geopard Tourist,2026.06.20.,6:00:00 PM,1:30:00,https://soundcloud.com/geopardtourist,"electronica, downtempo"
59,Dragon Nest,Simple Symmetry,2026.06.20.,7:30:00 PM,2:00:00,https://soundcloud.com/simple-symmetry,"indie dance, house"
60,Dragon Nest,VIZARE Viken Arman & Cesar Merveille,2026.06.20.,9:30:00 PM,2:00:00,https://www.youtube.com/watch?v=dI56-I9yZxM,"minimal, organic house"
61,Dragon Nest,Henrik Shcwarz (live),2026.06.20.,11:30:00 PM,2:00:00,https://www.youtube.com/watch?v=2_48LAvedjQ,"house, techno"
62,Dragon Nest,Daniel Moritz,2026.06.21.,1:30:00 AM,2:00:00,https://soundcloud.com/danielxmoritz,"minimal, house"
63,Daad Stage,The Advent,2026.06.20.,8:00:00 PM,2:00:00,https://www.youtube.com/watch?v=YbeWaokPg70,"techno, electro"
64,Daad Stage,Aga2L,2026.06.20.,10:00:00 PM,1:30:00,https://www.youtube.com/watch?v=LBY8eUx9xuU,techno
65,Daad Stage,Kangding Ray,2026.06.20.,11:30:00 PM,2:00:00,https://www.youtube.com/watch?v=0QY3d9OqAs4,"techno, experimental"
66,Daad Stage,Rodhad & Rene Wise,2026.06.21.,1:30:00 AM,2:00:00,https://www.youtube.com/watch?v=QNS9RGB1GWg,"techno, deep techno"
67,Daad Stage,Fadi Mohem,2026.06.21.,3:30:00 AM,1:30:00,https://www.youtube.com/watch?v=rTtVMHFlwoM,techno
68,Daad Stage,Gigi FM,2026.06.21.,5:00:00 AM,2:00:00,https://www.youtube.com/watch?v=nm9ME64muCg,"techno, bass"
69,The Dome,Kin Teal,2026.06.20.,9:00:00 PM,1:00:00,https://www.youtube.com/watch?v=dtt0lfboi3U,"electronica, ambient"
70,The Dome,Barker (live),2026.06.20.,10:00:00 PM,1:00:00,https://www.youtube.com/watch?v=mVwOdMsatKg,"ambient techno, electronica"
71,The Dome,Lau,2026.06.20.,11:00:00 PM,2:00:00,https://www.youtube.com/watch?v=-YMG-mYKJ6o,"techno, house"
72,The Dome,JakoJako (live),2026.06.21.,1:00:00 AM,1:30:00,https://www.youtube.com/watch?v=JRB6qZ6hdLw,"modular techno, ambient"
73,The Dome,Adiel,2026.06.21.,2:30:00 AM,2:00:00,https://www.youtube.com/watch?v=yz6eVxxyumc,"techno, deep techno"
74,The Dome,Isu,2026.06.21.,4:30:00 AM,2:00:00,https://soundcloud.com/daadgathering/isu-daad-2025,"techno, minimal"
75,The Dome,Zituli Space Project,2026.06.21.,6:30:00 AM,1:30:00,https://www.youtube.com/watch?v=oZ_jso_sWLY,"ambient, chillout"
76,The Dome,Tolo & Falcao,2026.06.21.,3:00:00 PM,2:00:00,https://www.youtube.com/watch?v=a2RcSQMHQj4,"house, minimal"
77,The Dome,Josh Wink,2026.06.21.,5:00:00 PM,2:30:00,https://www.youtube.com/watch?v=gsDuBAO4GSY,"acid house, techno"
78,Dragon Nest,Dominik Eulberg,2026.06.21.,7:30:00 PM,2:00:00,https://www.youtube.com/watch?v=eX0Skh6tGlc,"melodic techno, electronica"
79,Dragon Nest,GusGus,2026.06.21.,9:30:00 PM,2:00:00,https://www.youtube.com/watch?v=SAkezrDUxlk,techno
80,Cooking Groove,Jess,2026.06.21.,10:00:00 AM,2:00:00,https://www.youtube.com/watch?v=SGJbQA1UG_U,"house, minimal"
81,Cooking Groove,Kornwall,2026.06.21.,12:00:00 PM,2:00:00,https://www.youtube.com/watch?v=LhQCGFnowwU,"techno, house"
82,Cooking Groove,Peter Makto,2026.06.21.,2:00:00 PM,2:00:00,https://www.youtube.com/watch?v=U-6jETd3Mpg,"deep house, melodic house"
83,AM/Beach,Jaffa Surfa,2026.06.21.,9:00:00 AM,3:00:00,https://www.youtube.com/watch?v=R2AyA3bTuJs,"minimal, house"
84,AM/Beach,Budai,2026.06.21.,12:00:00 PM,3:00:00,https://www.youtube.com/watch?v=W30o_rB97Jg,"techno, house"
85,Cooking Groove,OVERCOOKING,2026.06.21.,11:00:00 PM,2:00:00,https://soundcloud.com/daadgathering,"techno, house"
86,AM/Beach,Ion Ludwig,2026.06.18.,4:30:00 PM,1:30:00,https://soundcloud.com/ion-ludwig/ion-ludwig-dj-set-folklor,"electronic, techno, house"